FireCARES/research,python file
mhlmedeiros/BHZ-kwant,python file
Sheth108/predicting_sales_time_series,python file
JayMcDermott88/Python-APIs-Homework,python file
CaseyRMartinez/QTW_CaseStudies,python file
ayang2012/Dash_Beer_Stats,python file
lynkeib/WebProjects,python file
ikergarcia1996/Basic-CYK-Parser,python file
developmentseed/unicef-schools,python file
shaheerakr/deep-learning,python file
VonageGarage/AnsweringMachineDetection,python file
afmdnf/pos-tagging,python file
leetaylor7/What-is-the-Weather-Like,python file
fitushar/Brain-Tissue-Segmentation-Using-Deep-Learning-Pipeline-NeuroNet,python file
ouyangqq/model_of_single_tactile_unit,python file
axbarrera/team_final_project,python file
changhyunbaek/team-b3,python file
moreirab/dynamic-programming,python file
stjordanis/CS7641,python file
ladangol/MLPython7Day,python file
MickMek/Misck.,python file
bvillasen/AY9_dark_matter_analysis,python file
afo/dataXbwcon,python file
knightlab-analyses/uc-severity-multiomics,python file
rocassius/stat159,python file
charlotte826/Project1-DataHarvest,python file
irxum/irxum.sample.work,python file
AbdullahAlZoabi/Drug-Target-Interaction-Prediction,python file
jayachandra2128/Emotion-Detection-System-on-Twitter-Data,python file
lvsn/gif4105,python file
rafmudaf/ghstats,python file
Beehamer/ms-e346repo,python file
bobosergiusz/magisterka,python file
otrejo08/PythonAPI_HW,python file
BYUignite/roslin_rammler,python file
vamsivchinta1/Hotel-Classification-Project,python file
faraz-mirza/Sentiment-Analysis-on-Hotel-Reviews,python file
renato145/fastai_scans,python file
rahulptel/RL-Solutions,python file
wlee12366/Database-Management,python file
MarWit/nn_project,python file
MeenalBadki/Deep-Learning-repository,python file
MaxCantCode/MATH2072,python file
Kevinhykuo/PHYS-421---Stat-Mech,python file
shohkhan/image-upload-serverless,python file
dianetata9/API-Calls,python file
hanzhang0420/Target_Customers,python file
joankaradimov/random-map-generator,python file
jmsz/signals,python file
ShchchowAMD/Word-Press-Prediction---COMP9318,python file
ryun0sk/First-Python,python file
raghir01/graduation_rate_analysis,python file
KevinScholtes/EENG5340ML-Examples,python file
davidsonic/Interpretable_CNNs_via_Feedforward_Design,python file
IBM/db2-event-store-iot-analytics,python file
isaacWpark/wildfire_FRAP,python file
cipher813/rl_multiagent,python file
giulioco/rams.ai,python file
sbetageri/FashionMNIST,python file
souravs17031999/FLOWER-CLASSIFIER-WEBAPP,python file
SBHacks2019/heart.io-backend,python file
syuukaxiaoy/p2,python file
cnishaanntt/DRL_ND_P1_Banana_Navigation,python file
krishna-chandran/CNN_LSTM_Image_Captioning,python file
JuwonOh/DoS_scraper,python file
jrmcglynn/concert_tickets_project,python file
krishna-chandran/slam,python file
njulapalli/Team-Project_Data-Harvest,python file
Invoker888/TalkingData-Fraud-Detection-Challenge,python file
illi4/Face_generation,python file
UnofficialJuliaMirror/MolecularGraph.jl-6c89ec66-9cd8-5372-9f91-fabc50dd27fd,python file
dany-stefan/AI4Good_2018,python file
amimul/Pover-T-Tests-Predicting-Poverty,python file
hyper0x/DSND_Capstone_Project_Public,python file
dragonblood/PythonNotes,python file
sinjorjob/nlp100,python file
sachindixit8380/udacity-predict-bike-sharing,python file
jamqd/SincerelyAI,python file
gboeing/tracts-streets-evolution,python file
zhenyang9261/data-homework-api,python file
alexkassil/YosemiteSeasonsDownload,python file
taihtm/machine-learning,python file
seiyamiyaoka/image_reco,python file
krishnakeshan/Handwritten-Digit-Recognition,python file
khandelwal1998/-SmileRecognition,python file
ankit-119/acadview-ml,python file
frc3223/robot2019,python file
SoundHearer/ml-camp,python file
dttung2905/Kaggle-Competition,python file
JobQiu/RiceComp545Note,python file
Abdus-Salam/Python,python file
toa009/code,python file
goosen78/personal-data-science-portfolio,python file
1ethanhansen/Diabeats,python file
abnvanand/smai1,python file
Namish-Singh/Customer-Churn-Analysis,python file
Aishwarya0811/Hackerrank,python file
sbetageri/FashionMNIST,python file
souravs17031999/FLOWER-CLASSIFIER-WEBAPP,python file
SBHacks2019/heart.io-backend,python file
syuukaxiaoy/p2,python file
cnishaanntt/DRL_ND_P1_Banana_Navigation,python file
krishna-chandran/CNN_LSTM_Image_Captioning,python file
JuwonOh/DoS_scraper,python file
jrmcglynn/concert_tickets_project,python file
krishna-chandran/slam,python file
njulapalli/Team-Project_Data-Harvest,python file
Invoker888/TalkingData-Fraud-Detection-Challenge,python file
illi4/Face_generation,python file
UnofficialJuliaMirror/MolecularGraph.jl-6c89ec66-9cd8-5372-9f91-fabc50dd27fd,python file
dany-stefan/AI4Good_2018,python file
amimul/Pover-T-Tests-Predicting-Poverty,python file
hyper0x/DSND_Capstone_Project_Public,python file
dragonblood/PythonNotes,python file
sinjorjob/nlp100,python file
sachindixit8380/udacity-predict-bike-sharing,python file
jamqd/SincerelyAI,python file
gboeing/tracts-streets-evolution,python file
zhenyang9261/data-homework-api,python file
alexkassil/YosemiteSeasonsDownload,python file
taihtm/machine-learning,python file
seiyamiyaoka/image_reco,python file
krishnakeshan/Handwritten-Digit-Recognition,python file
khandelwal1998/-SmileRecognition,python file
ankit-119/acadview-ml,python file
frc3223/robot2019,python file
SoundHearer/ml-camp,python file
dttung2905/Kaggle-Competition,python file
JobQiu/RiceComp545Note,python file
Abdus-Salam/Python,python file
toa009/code,python file
goosen78/personal-data-science-portfolio,python file
1ethanhansen/Diabeats,python file
abnvanand/smai1,python file
Namish-Singh/Customer-Churn-Analysis,python file
Aishwarya0811/Hackerrank,python file
ariesunique/python-shorts,python file
ardianumam/Tensorflow-TensorRT,python file
baselm/cmarl,python file
edyoda/Jan-WE-9-12,python file
lunjohnzhang/MusicForever,python file
nilemarezz/Learn-DataSci01,python file
iliakplv/overflow,python file
ElsayedmM/Implement-route-planner-ISDC,python file
illlusion/cam,python file
cnishaanntt/DRLND-P2-Continous-Control,python file
ElsayedmM/Matrix-class-ISDC,python file
ronaldgao1234/Stock_Prediction,python file
ryanden2018/MNIST,python file
UnixLoverSaurabh/DeepAIandCanvas-API,python file
hsingh2711/problem_set1,python file
Skcheun2/CTHMM-for-ALS,python file
ElsayedmM/Histogram-filter-ISDC,python file
ElsayedmM/Traffic-classifier-ISDC,python file
nocatech/test_pandas_for_excel,python file
kotogasy/unity-ml-crawl,python file
sdeepaknarayanan/Machine-Learning,python file
a-d-i/CarND-Advanced-Lane-Lines,python file
mistertandon/ud-10-deep-learning-v2-pytorch,python file
munraito/ml-course,python file
Aaswin1996/IntentClassification_RNN,python file
NamanRai11t/My-B.Tech-Project,python file
exialk2012/jupytercode,python file
cnishaanntt/DRLND-P3-Collaboration-Competition,python file
cnishaanntt/DRLND-P3-Collaboration-Competition,python file
csggnn/qnet_navigation,python file
jakublodej/Check-Armstrong-Number,python file
AgentDS/CSCI-570-Analysis-of-Algorithms-19spring,python file
seokWonYoon/hamspire,python file
RainyZhang16/20190112-,python file
carloodq/lp,python file
savvasdr/Predict-Stock-Price-LSTM,python file
piyush-98/Disha,python file
GuishePerez/coursera-hse-nlp,python file
techlabsms/project-wt-18-07-project_coins,python file
Arunkumar0258/Flower-species-detector,python file
slickFix/Twitter_sentiment,python file
sidiatig/lasso-barrier,python file
richesh09/mlLearning,python file
barnrang/Tokyo-tech-Exp,python file
maorshutman/human-protein-atlas-kaggle,python file
CurryTang/cs231n_hw3,python file
Ayushbansal1996/EE49004,python file
VishnuDev-droid/Forecasting-prediction-using-XGBoost,python file
babangain/Machine-Learning,python file
spaziochirale/CorsoPythonML,python file
ravi4all/ML_JanWE_19,python file
plutojia/algorithm-class-assignment,python file
mehmeda/fyslab,python file
zhoujianberkeley/pair_trading,python file
zealous-hunter/noise_reduce,python file
caijie12138/CS224n-2019,python file
mhmdsab/Amazon,python file
mhmdsab/Spam-Classifier,python file
vincentgigliobianco/en_cours_1,python file
AEnguerrand/thu-ml-hw3,python file
AdityaSunilMeshram/DigitRecognition,python file
Kamini-kumari/Car-detection-with-YOLOv2,python file
Kamini-kumari/Python-Basics,python file
Kamini-kumari/Building-a-RNN-Step-by-Step,python file
cgddrd/pureplanet-datasci,python file
meyya22/AI-ML_Code,python file
zakopuro/kaggle_data-science-bowl,python file
AnkitmB125/heart-dataset-UCI,python file
vikrambhatt1405/Kerningham-Lin_Algorithm,python file
dalanicolai/scripts,python file
matteobonanomi/dsnd_movie_recommend,python file
pfabo/notebook-fdtd,python file
umluizlima/m220p,python file
fukeyouko/data-science-coursera,python file
Tushantbhasker/Hand-Sign-Detection,python file
shreyasrajesh/face-reconstruction,python file
richinohio/Final_Project,python file
ehudkr/roc-n-roll,python file
bobflagg/Deep-Q-Learning-for-Navigation,python file
macatak/ELK,python file
TropComplique/contextual-loss,python file
avinashselvam/fashion_recommender,python file
Btlyons1/baseball-stats,python file
DollyVickers/MyClasswork,python file
imdeepmind/processed-imdb-wiki-dataset,python file
zhenglinj/FangjiaViewer,python file
rh2835/house-searching-with-Python,python file
salimoha/DRL_continuous_control,python file
JATIN2111999/GogoanimeDotpy,python file
NoorKhzaimiah/Costa-Rican-Household-Poverty-Level-Prediction,python file
kpolsen/windpype,python file
JoJoseph25/HackRush19_TimeTable,python file
kmohan96214/vervethon,python file
kanyetjk/BlockRelocationRL,python file
DatasRev/workshop-log,python file
sanuradha043/Image-Comparison,python file
erjoro81/intro-to-python,python file
gimaik/SDCND,python file
frankg7/GroupProject1,python file
rizwan84tx/udemy_training_materials,python file
mihirsam/GPA-Analytics,python file
deedeeshaw/Project-DERK,python file
GaryVe/AI_in_Actuarial_Science,python file
sveinnpalsson/text_analysis,python file
czwong/USCDataBootCamp,python file
janisgp/SpeechRecognitionHuaweiNPU,python file
cWeiss916/SL_Finding_Donors_Charity,python file
Ian-Liao/COMP6915-Machine-Learning,python file
greengangsta/Kaggle,python file
revolutioncse/finding-meaningful-biomarkers,python file
edricf/Stock-Price-with-Sentiment-Analysis,python file
olezhko9/kaggle-Titanic-Machine-Learning-from-Disaster,python file
CodaGirl/GroupProject-1,python file
alimamdiaby/WeatherPy,python file
Nelsonlin0321/RNN_AI_Power,python file
raghavchalapathy/oc-nn,python file
chinnieee/Assignment-16_2,python file
chinnieee/Assignment14,python file
sleepyCoderr/TwittermoodAnalyzer,python file
himakiran/CarND-Advanced-Lane-Lines,python file
chinnieee/Assignment-15_1,python file
dougc333/cs224n,python file
jaskaran1446/Image-Captioning,python file
yaelya/find-pathes-in-picture,python file
SpeedSick/FullStackBootcamp,python file
galigaribaldi/Proyecto-Cadif,python file
jmarrietar/merlin,python file
kazzastic/CV,python file
ajertec/HeuristickeMetodeOptimizacije,python file
vladimiralencar/DeepLearning-LANA,python file
meryemmlk/UberPricingAndClosebyPlaces,python file
mxolisi/starbucks_coffee,python file
gowriaddepalli/Anomaly-detection-in-credit-card-transactions,python file
chinnieee/MLProject-5,python file
cmiley/fruit_classification,python file
SachemAftershock/2019-robot-code,python file
dgmodesto/fiap-ml-tec-proc-imagens-capstone-master,python file
ruben69695/python-course,python file
IldikoMagda/kellerman,python file
hamza121star/SurkhiMeter,python file
sumeirat/DS_Projects,python file
StefaniePowazny/Image-Classifier-Facebook-PyTorch-Scholarship-Challenge,python file
kubencjusz/wikipedia_analysis,python file
nidragedd/datascience-titanic-challenge,python file
4d4m43/PythonAPIs,python file
warrenwwatts/Intro_to_Python_Code,python file
RedThorium/eDiscovery-Automation,python file
Jaywrkr/MachineLearningNotebooks2019,python file
madhavramesh/Facial-Detection-CNN-Implementation,python file
LewisRa/Data-Visualization,python file
madhavramesh/Image-Captioning-Using-RNNs,python file
petercwill/edgarScraper,python file
snowdj/employment_tables,python file
madhavramesh/SLAM-,python file
xueweiyema/DisasterResponseProject,python file
timhulak/python_api,python file
lucaspenna00/politrecas,python file
tgadf/discogs,python file
junjun99/Flight-Delay,python file
JSitter/gaia_visualization_notebook,python file
edricf/Fraud-Detection-using-PCA-and-GMM,python file
lukgonza/Unit-6-Assignment-What-s-the-Weather-Like,python file
wangruowen/cs230_deep_learning,python file
kristxh/Unit10-SurfsUp,python file
ddcruz/SQLAlchemy_challenge,python file
ltbringer/fastest,python file
Tony607/keras_mixup_generator,python file
jeffreyegan/VSB_Power_Line_Fault_Detection,python file
jwoh1323/Python-APIs-Project,python file
tubreddy/python_lessons,python file
LyanaRoslan/Week-10-HW,python file
lipengyuan1994/Documents,python file
madhavramesh/Image-Classifier,python file
Kamol-Roy/Hackathon-Project-MBDH-,python file
martin-xia0/2048_Planning,python file
Shanks-Liu/Machine-Learning-in-Action,python file
Akil313/RNN_Merger,python file
dayskipping/Asset_Centrality,python file
freestander/kaggle-elo-recommendation,python file
tjburch/twitter-studies,python file
mkung8889/sqlalchemy,python file
KirillDemochkin/UserVisualPreferences,python file
MadDav-Sys/Weather_Analysis_Python,python file
iamdsc/automatic-helmet-detection,python file
Habatoo/pet_project,python file
lfcunha/oxford102_flower_classification,python file
therealalexli/MS-Word-Automation,python file
Lggggggx/Meta_Data,python file
Murali-DS/Springboard-10.5-Unsupervised-Methods,python file
CleanPegasus/Emotion-Recognition,python file
amirunpri2018/FPAIT,python file
dhanpalrajpurohit/handwritten-digit-detector,python file
SaiAdityaGarlapati/Machine-Learning,python file
jasonpwcarey/API_hw,python file
LeyangZhang/EE369_DeepLearningProject_LeyangZhang,python file
fredabood/billboard,python file
anujbansal16/Decision-Tree-Classifier,python file
LinyingYang/CME241,python file
leekh7411/RSSP,python file
myoung12/WeatherPy,python file
amirbadr/Amazon_Prime_Canada_Coverage_2018,python file
alexandrasalem/nlp_coursework,python file
LJ1234com/Pandas-Study,python file
Jman4190/nba-stats-model,python file
whatnick/cs5490_micropython,python file
slalit360/SKLEARN-DataSchool,python file
huiyinglu/NLP-DNN-Speech-Recognizer,python file
haeyong27/django,python file
alexwdavis/WeatherPy,python file
RachitBansal/God-s-Eye,python file
stephenisau/PyTorch-Neural-Networks,python file
huiyinglu/NLP-Part-of-Speech-Tagging-with-Hidden-Markov-Models,python file
bamssong/python,python file
zju3dv/mvpose,python file
sduttap16/DeepEnsm,python file
b8goal/TensorFlow,python file
chirayyi/DSPython,python file
smshehryar/Python-ML,python file
subond/python_scripts,python file
adhyans/face_generation,python file
valeriezyy/python-projects,python file
yizt/keras-lbl-IvS,python file
SYangDong/Siamese-Network-for-face-recognition,python file
Mulns/Whale-Identification,python file
zipu/trade-research,python file
freesan44/DeepLearning,python file
mayway530/Junius,python file
FloatingFowl/T2C_MoviePosters,python file
ogipochi/pylab,python file
nsumaja/Numpy,python file
yoshitakameguro/handson-ml-practice,python file
AndrewLaird/ReinforcementLearning,python file
Anirban6393/Anirban-Projects,python file
shush-jp/SpookyAuthorIdentification,python file
Heatequation/DRL_Project_Navigation,python file
amybachir/Generate-TV-Scripts,python file
RunningGump/rental-prediction,python file
GreatLearningAIML1/mumbai-nov-batch-RoohiThali,python file
HQ2013/Disaster-Response-Pipelines,python file
kingslyroche/JupyterNotebooks,python file
DonghyungKo/NLP_sentiment_classification,python file
DevelopInfo/QIQC,python file
mimikaan/tensorslow,python file
siddharthjain1611/Board-Game-Review-project,python file
tsechinlin/AIS,python file
sjwilczynski/geneExpr,python file
Ronny-22-Code/Python-Programming-Codes,python file
hussein-awala/INFO-VIS,python file
gzford/my_AIPND_P1_Robot_Controller,python file
davxdan/MachineLearning,python file
nnevalainen/gdp-pollution-study,python file
python-ingenieur/basis_kurs,python file
AtulSinghBankoti/titanic,python file
jason7830/LSTM_StockPrediction,python file
uibk/dwh-twitter-airline-sentiment-analysis,python file
sraeisi/MachineLearning_Physics,python file
Daya-Jin/DataStructureAndAlgorithm,python file
suvoganguli/SDCND,python file
yaoKris/2048-api-master-YK,python file
WLW8991/Game-Player-Based-on-Convolutional-Neural-Network-CNN-for-Hit-Game-2048-,python file
poyrazn/StoryGeneration,python file
aamonten/p2_continuous-control,python file
Susruth97/Predicting-House-Prices,python file
fbenedek/matek_kiegeszito_2019,python file
roeiherz/MobileUNET,python file
proneetsharma/Advanced-Lane-Finding,python file
jusing-es/clwsd,python file
msdnqqy/ML,python file
InfiniteMiracle/517021911084_2048API,python file
josef657/p1_udacity,python file
farisology/MLYSU,python file
yairglassman/cs236605-hw3,python file
byrdvalley/aimeChallenge,python file
qgksjtu/2048,python file
matteosoo/Cloze-Test_Pytorch_BERT,python file
sebastianpinedaar/machine-learning-codes,python file
Tyelcie/Robot_Controller,python file
gsantam/hash-code-competition,python file
Elektra58/p3_collaboration_competition,python file
conradtan/Enron-Analysis,python file
sakethreddy997/Resnet-Image-Classification-Flask-App-master,python file
nicolas-gervais/test-projects,python file
sthalabard/SDE-2019,python file
explorer-ading/ml-notebook,python file
jgoppert/aae364_notebook,python file
voldikss/EE369-2048-AI,python file
kiranvajrapu/Predictive-Model-For-Handling-Missing-Data,python file
david-yoon/multimodal-speech-emotion,python file
pythonmite/Journey-with-Euler-Project,python file
balodja/hankel,python file
thedatamonk/Unity-Tennis-Competition,python file
KingHammer883/10.Conditional-Iteration-The-While-Loop,python file
ksnt/ml_study_note,python file
luca-nannini/Thesis-Project,python file
jtpio/python-pizza-berlin,python file
kincheng/pythonexercises,python file
qvbit/Big-Data-Analytics-Projects,python file
0ethel0zhang/Text_Analytics,python file
RRisto/seq2seq,python file
wdlcameron/Thebes,python file
cWeiss916/Predicting_Housing_Prices,python file
fdasilva59/Udacity-DRL-Collaboration-and-Competition,python file
joselvira/hello-world,python file
jmbermudez7/Data-Bootcamp-API,python file
Richard-Teske/wordcloud-python,python file
wowgs/ML_tasks,python file
pganorka1/Python_Challenge,python file
glnmario/conceptalign,python file
compmem/QuantCog,python file
Hubert51/Randomness_Test,python file
Mark-Hopkins-at-Reed/hw-rubik,python file
pasc85/dummy_project,python file
MarkPlatts/popcorn-web-src,python file
galwiner/particlesProject,python file
6Ulm/Basic-NLP,python file
MadaoIsMySon/SkinClassifier,python file
aparrish/bezmerizing,python file
cmgsouza/comparative-kmeans-clustering,python file
PAGWatson/Lorenz96_and_neural_networks,python file
DZweiback/Python_APIs,python file
jolivero707/Weateher_API,python file
mikhaelbois/python-playground,python file
JamesPeralta/Machine-Learning-Algorithms,python file
nicopatsch/MusicToImages,python file
rajrohan/spark-streaming-twitter,python file
AustinHarley/personal-projects,python file
Ohara124c41/LunarLander-DQN,python file
dmccreary/donkeycar-notebooks,python file
tahsmith/rl-algos,python file
qchaldemer/painting-classification,python file
cisprague/iros2019,python file
mezzX/DRLND_p2_continuous_control,python file
JocelynWare/Data-Pipeline,python file
elifons/DeepRL-Multi-agent,python file
elifons/DeepRL-Continuous_Control,python file
sanster9292/Data-Scraping,python file
hvellalath/SQL_Alc_HW,python file
Eimg851/DublinBikesWebApplication,python file
kingb12/recipeGenerationRNN,python file
soltaniehha/Big-Data-Analytics-for-Business,python file
glennkroegel/PLAsTiCC-Astronomical-Classification-RNN-Search,python file
jmhis34/Final-Project,python file
pSolT/DL_Labs,python file
rvh1/dp_image_segmentation,python file
aidanscannell/approximate-inference,python file
bokonine/rocketsim,python file
myao9494/MS_office_python,python file
henighan/blackjack-rl,python file
ArgentLo/ml_projects,python file
tribbloid/convnet-abstraction,python file
munhyunsu/ai-tech-kepco,python file
abhishekkodi/Gravity01,python file
mehdiamdouni95/Tunisian_sentimental_an,python file
AidanCooper/progression,python file
prasadaralasurali/housing_price_prediction,python file
rvh1/mra_blood_vessel_segmentation,python file
deedeeshaw/API---Weather-Data,python file
anqitu/NTUOSS-AlgorithmicTradingWorkshop,python file
prabhuSub/Text-based-Game-using-Python,python file
DeekshaJha-DataScience/DataScience-Projects,python file
william-screen/iu-data-science-information-visualization-583,python file
mcao610/Transformer-Pytorch,python file
udacity/MLND_CN_P1_Predicting_Housing_Price,python file
MartnAR/IST718,python file
akadina/RNAsequenceConverter,python file
crowjdh/kaggle-playground,python file
Panda06/footballDataAnalysis,python file
jsiddhant/EmotionDetection,python file
darkmatter08/cool_ml_cv,python file
fernknw/SparkDev,python file
pisunk/jd-text-categorization-notes,python file
TadashiKonno/Python-learning-by-jupyter-notebook,python file
FixingMind5/Data_engine,python file
SQZobrist/python-challenge,python file
Abhinavkaitha/Algorithms,python file
jhonsen/exploreMTAdata,python file
ben-walczak/Ensemble-Learning-Framework,python file
baeyuh/GIS,python file
kshitizrimal/Cash-Recog-Project,python file
aesophor/NTU-CSX-DataScience2019,python file
soronto3603/KerasInstallation,python file
jtk5aw/Bright-Sessions-Text-Analysis,python file
CALabs/Homework-Week6,python file
jcy0011/first_django,python file
U10316043/dataclassSample,python file
Arkarachai/pag2019_demo_keras_for_genomics,python file
PzanettiD/data-mining-test-answers,python file
KuoTzu-yang/DeepMutationOperators,python file
accidentlywoo/python,python file
minerve33w/g10716005,python file
learn-co-students/dsc-1-02-06-while-loops-break-continue-lab-online-ds-pt-011419,python file
learn-co-students/dsc-1-01-05-setting-up-environment-online-ds-ft-011419,python file
learn-co-students/dsc-1-02-14-measures-of-central-tendency-quiz-online-ds-ft-011419,python file
learn-co-students/dsc-0-01-14-control-flow-conditionals-lab-online-ds-ft-011419,python file
learn-co-students/dsc-1-01-20-looping-over-collections-lab-online-ds-ft-011419,python file
steffenhaug/nm,python file
ACloudGuru-Resources/Course_AWS_Certified_Machine_Learning,python file
DMSaunders/event-fraud-case-study-public,python file
sunilkunchoor/kaggle-pubg-finish-placement-prediction,python file
graus/pihatsu,python file
rubythalib33/Magang_Almantul,python file
Phillllll123/Machine-Learning-100-day-,python file
HaooWang/Tensorflow_demos,python file
asimsedhain/Titanic,python file
ankitmishra16/Decision-Tree,python file
ClausHolmgaard/SVPGestureRec,python file
forwchen/celeste,python file
saurabhdorle/Real-Time-Emotion-Detection,python file
edtky/seqGan_music,python file
fibomat/gds,python file
helloddkd/TIL,python file
LbyG/kaggle_human_protein,python file
Penghui1997/strategy-implementation-learning-group,python file
SDatsyuk/tensorflow_object_detection,python file
Anuise/NLP,python file
vinaykatukar/DICOM-File-To-Text-File-Converter,python file
kimbyungsoo/vintagebot,python file
NotAnyMike/DDPG,python file
1071-DataScience/finalproject-spisdoor,python file
LeoEATLinden/ScientificComputation,python file
niudd/kaggle-atlas-human-protein,python file
m-L-0/18b-duyixuan-2016-538,python file
Tyelcie/stanager,python file
d-perepechin/fb_parse,python file
linkpp/Human-Learning,python file
Piyush-555/OpenAI_gym-CarRacing,python file
ahtosalumets/SeqAlign,python file
leejeongpil/yolov2_with_mobilenet_coco,python file
johanesn/Hindsight-Proximal-Policy-Optimization,python file
theone9807/Python-Tutorial-Zero-to-Advance-,python file
JapaneseTraditionals/kaggle_Malware,python file
mukesh2630/B.E-Project,python file
21PIRLO21/Machine-Learning-in-Action,python file
cdlwhm1217096231/Machine_Learning,python file
talolard/rlstocks,python file
theone9807/BostonHousing-data-analysis,python file
10-0-0-55/2019-winter,python file
Avi-avidan/jpeg_recover,python file
IPL-UV/gp_error_propagation,python file
hmatalonga/decision-trees,python file
mrKallah/ce888labs,python file
pub773/fluffy-goggles,python file
vgudapati/DRLND_Collaboration_Competetion,python file
nwisken/ce888labs,python file
zakariahajji/image_processing,python file
vacharapat/Adversarial-Machine-Learning,python file
mayastn/S2DataProcessing,python file
Denon19900412/ce888labs,python file
zwMargaretProject/BigW,python file
omareldardear/ce888labs,python file
alexz01/Word-Big-Data-Analysis,python file
eklind/ATP2,python file
Dalkio/RL_rubiks,python file
willb/data-sketching,python file
michelleabreo/CS4279-Affordable-Housing,python file
fund3/sentiment-dashboard,python file
Bryan-Rathos/Advanced-Lane-Finding,python file
aaronfrederick/SudokuSolver,python file
joshilp/ImageInpainting,python file
XuShaoming/Deeplearning_io,python file
torayeff/RoboCupHumanoid,python file
harsha-20/Autopilot-Steering-Wheel-Simulation,python file
rsmarincu/Serato-x-Spotify,python file
romandtse07/ames_housing,python file
max-clarke/basketball_player_valuation,python file
maaikerutten/Python_APIs_Homework,python file
imRushabhShah/Learning,python file
okpy/jassign,python file
litvinich/ML-HW1,python file
farshadsafavi/RNN,python file
jey07/Machine-Learning-and-Neural-Network,python file
jentmayfield/SQLAlchemy_Python,python file
cjherman6/quick_python_projects,python file
mpatterson73/WeatherPy-API,python file
burcusyn/ActiveLearning,python file
betsyshane/06-Python-APIs,python file
JANSSOC/HW6APIWEATHER,python file
Jing25/SR_RemoteSensing,python file
rtbins/banana-navigation,python file
rtbins/continuous-control,python file
kasukeinu/my_library,python file
gvo34/dog-project,python file
siddarthkaruka/Python-for-Data-Science,python file
xsarinix/py_and_wine,python file
mrajeevmenon/PySpark-Text-Analytics,python file
rtbins/collab-compet,python file
hoanganhpham1006/colorization,python file
wonseokjung/autonomous_car,python file
locklin-e/DCGAN-face-generation,python file
LikouSama/Machine-Learning-in-Action,python file
jhebelerDS/MLLive,python file
josef657/p2_con,python file
djm9872/10_Hmwork_Climate_DJM,python file
wuhang100/mywork2018,python file
flsing/Convolutional-Neural-Networks-in-Computer-Vision,python file
MapleLuoXF/Python-learning,python file
learn-co-students/dsc-04-40-02-introduction-to-neural-networks-nyc-career-ds-102218,python file
millecodex/COMP842,python file
sanjeevai/sparkify-capstone,python file
tlxu/Quanance,python file
modulabs-ctrl/deepracing-2019,python file
dongdong-e/Python,python file
renebidart/affine-variational-autoencoder,python file
AndresParraSperberg/PyRosetta_Project,python file
Saumen95/Crime-prediction,python file
htuovila/hk-air-quality,python file
chriscross00/ml_py,python file
zhdzu/Historical-Plane-Crashes,python file
iArunava/ENet-Real-Time-Semantic-Segmentation,python file
cemanuel/air_pollution,python file
maicat11/Project_2-Marathon-Predictor,python file
ylhao/word2vec-tutorial,python file
markummitchell/ai-on-the-beach,python file
singhhardit/Forecasting-demand-of-bikeshare-trips,python file
Canadauni/coffee_scraper,python file
WensongLiu/INFO_7390,python file
switchablenorms/DeepFashion2,python file
ravikiran0606/Sign-Language-Translation,python file
sfu-cosmo/MGCosmoMC,python file
leoromanovich/MechPart-Detection-decision,python file
susantamoh84/Kaggle-Quora,python file
tarun0409/decision-tree-classifier,python file
amitraut03/hello,python file
Ciopec/MNIST-Digits-Classifier,python file
conanjm/aind,python file
suryaprakash9966/assignment_4_3,python file
prasadaralasurali/deep_learning_dog_breed_prediction,python file
faciallab/FaceDetector,python file
KangBarom/NLP_Practice,python file
AJ-54/Machine-Learning-Projects,python file
cemanuel/Weakly-Supervised-Pneumonia-Localization,python file
zlighton/MarsScraping,python file
roy29fuku/natural-language-processing,python file
Johnxjp/nlm,python file
GuptaVakul101/IMDB_Rating_Predictor,python file
cschurter/WebScrapingHW,python file
JaishreeJanu/News-Recommendation-on-Twitter,python file
ChenyuGao/3d_pose_smpl,python file
vinitha-narnindi/final-project,python file
gengjiaqi/Tensorflow,python file
stfc-aeg/lpd-tile-testing,python file
kasparho/how-circadian-rhythms-affect-performance,python file
